id;name;ownerId;content
1;Unit 1: My school;0;Learn about my school
2;Unit 2: My home ;0;Learn about My home
3;Unit 3: My friend;0;Learn about My friend
4;Unit 4: My neighborhood;0;Learn about My neighborhood
5;Unit 5: Natural wonders of the world;0;Learn about Natural wonders of the world
6;Unit 6: Our Tet holiday;0;Learn about Our Tet holiday
7;Unit 7: Television;0;Learn about Television
8;Unit 8: Sports and games;0;Learn about Sports and games
9;Unit 9: Cities of the world;0;Learn about Cities of the world
10;Unit 10: Our houses in the future;0;Learn about Our houses in the future
11;Unit 11: Our greener world;0;Learn about Our greener world
12;Unit 12: Robots;0;Learn about Robots
13;Unit 1: My school;2;Learn about my school
14;Unit 2: My home ;2;Learn about My home
15;Unit 3: My friend;2;Learn about My friend
16;Unit 4: My neighborhood;2;Learn about My neighborhood
17;Unit 5: Natural wonders of the world;2;Learn about Natural wonders of the world
18;Unit 6: Our Tet holiday;2;Learn about Our Tet holiday
19;Unit 7: Television;2;Learn about Television
20;Unit 8: Sports and games;2;Learn about Sports and games
21;Unit 9: Cities of the world;2;Learn about Cities of the world
22;Unit 10: Our houses in the future;2;Learn about Our houses in the future
23;Unit 11: Our greener world;2;Learn about Our greener world
24;Unit 12: Robots;2;Learn about Robots
25;Unit 1: My school;14;Learn about my school
26;Unit 2: My home ;14;Learn about My home
27;Unit 3: My friend;14;Learn about My friend
28;Unit 4: My neighborhood;14;Learn about My neighborhood
29;Unit 5: Natural wonders of the world;14;Learn about Natural wonders of the world
30;Unit 6: Our Tet holiday;14;Learn about Our Tet holiday
31;Unit 7: Television;14;Learn about Television
32;Unit 8: Sports and games;14;Learn about Sports and games
33;Unit 9: Cities of the world;14;Learn about Cities of the world
34;Unit 10: Our houses in the future;14;Learn about Our houses in the future
35;Unit 11: Our greener world;14;Learn about Our greener world
36;Unit 12: Robots;14;Learn about Robots
37;Unit 1: My school;29;Learn about my school
38;Unit 2: My home ;29;Learn about My home
39;Unit 3: My friend;29;Learn about My friend
40;Unit 4: My neighborhood;29;Learn about My neighborhood
41;Unit 5: Natural wonders of the world;29;Learn about Natural wonders of the world
42;Unit 6: Our Tet holiday;29;Learn about Our Tet holiday
43;Unit 7: Television;29;Learn about Television
44;Unit 8: Sports and games;29;Learn about Sports and games
45;Unit 9: Cities of the world;29;Learn about Cities of the world
46;Unit 10: Our houses in the future;29;Learn about Our houses in the future
47;Unit 11: Our greener world;29;Learn about Our greener world
48;Unit 12: Robots;29;Learn about Robots
49;Unit 1: My school;34;Learn about my school
50;Unit 2: My home ;34;Learn about My home
51;Unit 3: My friend;34;Learn about My friend
52;Unit 4: My neighborhood;34;Learn about My neighborhood
53;Unit 5: Natural wonders of the world;34;Learn about Natural wonders of the world
54;Unit 6: Our Tet holiday;34;Learn about Our Tet holiday
55;Unit 7: Television;34;Learn about Television
56;Unit 8: Sports and games;34;Learn about Sports and games
57;Unit 9: Cities of the world;34;Learn about Cities of the world
58;Unit 10: Our houses in the future;34;Learn about Our houses in the future
59;Unit 11: Our greener world;34;Learn about Our greener world
60;Unit 12: Robots;34;Learn about Robots